url,error
https://en.antaranews.com/news/395521/indonesia-races-to-restore-services-at-flood-hit-hospitals-in-sumatra,Connection error.
https://finance.yahoo.com/news/thailand-shift-toward-mixed-japanese-105236716.html,Connection error.
https://www.the-star.co.ke/news/2025-12-08-3-dead-after-mining-site-collapses-in-kakamega,Connection error.
https://www.firstpost.com/world/tokyo-summons-chinas-ambassador-over-chinese-jets-lock-radar-on-its-aircraft-13957585.html,Connection error.
https://aninews.in/news/world/asia/sri-lankan-mp-meets-indian-envoy-hails-indias-continued-support-under-operation-sagar-bandhu20251208105324/,Connection error.
http://usa.chinadaily.com.cn/a/202512/08/WS693624c4a310d6866eb2d5b9.html,Connection error.
https://www.taipeitimes.com/News/editorials/archives/2025/12/09/2003848553,Connection error.
https://www.eco-business.com/news/how-can-china-meet-its-climate-adaptation-challenges/,Connection error.
https://www.marketscreener.com/news/russian-drone-strike-on-ukraine-s-sumy-injures-at-least-seven-governor-says-ce7d51dddd8bf42d,Connection error.
http://www.calcuttanews.net/news/278742861/india-issues-warning-to-largest-airline-after-travel-chaos,Connection error.
https://www.centralchronicle.com/indigo-crisis-stems-from-crew-rostering-failures-says-civil-aviation-minister-naidu/,Connection error.
https://www.stockandland.com.au/story/9128068/andrew-leigh-on-why-farmers-deserve-the-right-to-repair/,Connection error.
https://komonews.com/news/local/major-flooding-expected-in-east-king-county-sandbag-stations-open-weather-rain-storm-forecast-safety-resources-barrier-river-roads-traffic-commute-washington,Connection error.
https://www.chinadaily.com.cn/a/202512/08/WS69366e0fa310d6866eb2d730.html,Connection error.
https://dailynews.co.zw/swedens-aid-cutback-betrays-democracy-progress/,Connection error.
https://www.thesouthafrican.com/news/weather/weather-heres-where-you-can-expect-sunny-skies-this-week/,Connection error.
https://lfpress.com/news/local-news/potential-pilot-strike-threatens-london-flights-to-mexico-dominican,Connection error.
https://naija247news.com/miners-reject-northern-governors-proposed-ban-warn-of-economic-and-security-fallout/,Connection error.
https://www.el-balad.com/6788699,Connection error.
https://www.myjoyonline.com/lightwave-considers-court-action-over-health-ministrys-silence-on-lhims-dispute/,Connection error.
https://www.firstpost.com/world/with-china-its-always-we-verify-trumps-top-aide-on-trade-deal-with-beijing-13957534.html,Connection error.
https://athens-times.com/farmers-livestock-breeders-and-supporters-gather-outside-ministry-of-rural-development-on-acharnon/,Connection error.
https://www.newkerala.com/news/o/major-achievement-rajnath-singh-inaugurates-125-infra-projects-constructed-135,Connection error.
https://www.miragenews.com/g7-ministers-urge-responsible-critical-mineral-1585499/,Connection error.
https://dailypost.ng/2025/12/08/troops-neutralize-suspected-bandits-in-sokoto/,Connection error.
https://propakistani.pk/2025/12/08/gold-rates-rise-further-in-pakistan/,Connection error.
https://www.canberratimes.com.au/story/9128956/structural-design-and-construction-company-fined-after-geocon-site-collapse/,Connection error.
https://tass.com/world/2055219,Connection error.
https://yalibnan.com/2025/12/08/chinas-exports-top-expectations-on-strong-sales-to-non-us-markets/,Connection error.
https://www.dailysabah.com/business/economy/trump-to-announce-12b-support-plan-for-farmers-impacted-by-trade-war,Connection error.
https://lobotero.com/2025/12/08/a-troubling-incident/,Connection error.
https://www.el-balad.com/6788556,Connection error.
https://www.terradaily.com/reports/Hawaiis_Kilauea_volcano_nears_year-long_eruption_USGS_999.html,Connection error.
https://www.independent.co.uk/news/congo-worst-cholera-outbreak-b2880093.html,Connection error.
https://english.wafa.ps/Pages/Details/165004,Connection error.
https://www.terradaily.com/afp/251208162226.as96mz0b.html,Connection error.
https://www.premiumtimesng.com/regional/ssouth-east/841415-four-killed-in-another-attack-by-gunmen-in-anambra-community.html,Connection error.
https://www.christianpost.com/news/thousands-of-christians-rally-in-delhi-against-rising-attacks.html,Connection error.
https://www.independent.co.uk/news/world/americas/us-politics/ice-protests-operation-midway-blitz-snow-b2879985.html,Connection error.
https://www.perthnow.com.au/news/environment/thirsty-ai-technology-could-strain-aussie-water-supply-c-20932454,Connection error.
https://www.dailystar.co.uk/news/latest-news/breaking-major-airport-closed-until-36368982,Connection error.
https://www.rediff.com/news/report/india-advises-citizens-visiting-china-to-be-careful/20251208.htm,Connection error.
https://aninews.in/news/business/germany-commits-eur13-billion-to-india-for-climate-energy-sustainable-development20251208160155/,Connection error.
https://vietnamnet.vn/en/vietnam-s-book-exports-remain-modest-amid-global-publishing-boom-2470306.html,Connection error.
https://news.az/news/china-locks-radar-on-japanese-f-15s-in-international-airspace,Connection error.
https://tribune.com.pk/story/2581062/drone-strikes-in-sudan-kill-dozens,Connection error.
https://aninews.in/news/world/asia/indias-energy-sourcing-depends-on-providing-it-at-affordable-rates-to-14-billion-people-mea20251208232635/,Connection error.
https://www.finanzen.ch/nachrichten/zinsen/japan-gdp-data-due-on-monday-1035624190,Connection error.
https://www.el-balad.com/6788371,Connection error.
https://tass.com/world/2055071,Connection error.
https://www.manilatimes.net/2025/12/08/news/filipinos-cautioned-amid-clashes-between-thailand-cambodia/2239080,Connection error.
https://www.asiaone.com:443/world/australia-downgrades-wildfire-alerts-new-south-wales-state,Connection error.
https://www.fool.com.au/2025/12/08/up-308-in-2025-this-high-flying-asx-mining-stock-is-sinking-on-monday-but-why/,Connection error.
https://english.news.cn/20251208/7a03284464484b4a9e706b61497e5347/c.html,Connection error.
https://nypost.com/2025/12/08/us-news/biden-was-warned-his-soft-on-immigration-proposals-would-cause-chaos-but-he-ignored-it-damning-memo-reveals/,Connection error.
https://www.middleeastmonitor.com/20251208-global-warning-over-cyber-attacks-targeting-users-phones-in-over-150-countries/,Connection error.
https://hungarytoday.hu/u-s-report-warns-of-civilizational-decline-in-europe-echoing-hungarian/,Connection error.
https://allafrica.com/stories/202512080016.html,Connection error.
http://www.businessghana.com/site/news/general/339609/Ghana-must-produce-more-technicians-to-curb-youth-unemployment-%E2%80%93-Mahama,Connection error.
https://www.newsx.com/world/im-a-little-bit-disappointed-donald-trump-says-zelenskyy-not-ready-to-sign-us-peace-deal-for-ukraine-russia-war-122967/,Connection error.
https://aninews.in/news/world/us/little-bit-disappointed-zelensky-hasnt-read-peace-proposal-trump-signals-frustration-over-ukraine-talks20251208061642/,Connection error.
https://defence.pk/threads/chinas-military-rise-shaping-the-future-of-global-security.783709/,Connection error.
https://jowhar.com/australian-officials-urge-thousands-of-residents-to-evacuate-as-bushfires-spread/,Connection error.
https://www.miragenews.com/un-environment-assembly-opens-to-boost-1585344/,Connection error.
https://www.drive.com.au/news/2035-ban-on-combustion-engines-in-europe-might-be-weakened-report/,Connection error.
https://www.firstpost.com/world/indo-german-bilateral-ties-strengthen-with-fresh-funding-for-green-mobility-and-climate-action-ws-e-13957763.html,Connection error.
https://www.thedrinksbusiness.com/2025/12/why-its-now-the-drinks-industry-versus-government/,Connection error.
https://oilprice.com/Geopolitics/International/Zelenskyy-Seeks-European-Support-Amid-US-Peace-Proposal-Dispute.html,Connection error.
https://www.cnbc.com/2025/12/08/thailand-launches-air-strikes-at-cambodia-as-border-tensions-reignite.html,Connection error.
https://www.reviewjournal.com/local/traffic/unacceptable-metro-local-agencies-form-task-force-to-reduce-road-fatalities-3592489/,Connection error.
https://www.leinsterexpress.ie/news/weather/1961885/storm-bram-named-by-met-eireann.html,Connection error.
https://www.tribuneindia.com/news/chandigarh/farmers-powercom-employees-hold-protest-burn-copies-of-amendment-bill/,Connection error.
https://www.medianama.com/2025/12/223-govt-takedown-1300-posts-x-2025/,Connection error.
https://www.irishnews.com/news/northern-ireland/one-million-dead-one-million-displaced-the-irish-news-reports-on-the-aftermath-of-ethiopias-forgotten-civil-war-PCWM3A7SLVH6DDK75ZUPL6WXPE/,Connection error.
https://www.el-balad.com/6788843,Connection error.
https://www.spacewar.com/afp/251208073123.8v5updf2.html,Connection error.
https://en.tempo.co/read/2071915/thailand-launches-airstrikes-on-cambodia-after-soldiers-death,Connection error.
http://www.bgnes.com/european-union/costa-europe-cannot-accept-us-threat-to-intervene,Connection error.
https://krdo.com/news/2025/12/08/thailand-launches-airstrikes-on-cambodia-as-trumps-peace-agreement-hangs-in-balance/,Connection error.
https://www.winnipegfreepress.com/world/2025/12/08/top-eu-official-warns-the-us-against-interfering-in-europes-affairs,Connection error.
https://www.miragenews.com/canada-germany-boost-ties-in-advanced-tech-1585360/,Connection error.
https://mapleridgenews.com/2025/12/08/rainfall-warning-for-maple-ridge-and-pitt-meadows-2/,Connection error.
https://www.jezebel.com/online-surveillance-federal-government-ice-immigration-new-orleans-message-boards-freedom-of-speech,Connection error.
https://www.outlookindia.com/national/punjab-farmers-intensify-stir-against-electricity-amendment-bill-2025,Connection error.
https://www.freepressjournal.in/mumbai/indigo-crisis-day-7-mumbai-feels-the-heat-as-week-long-flight-issues-deepen-nationwide-32-cancellations-reported-today,Connection error.
https://www.outlookindia.com/international/china-welcomes-putins-india-visit-backs-strong-trilateral-ties,Connection error.
https://www.chinadaily.com.cn/a/202512/08/WS69360de5a310d6866eb2d51d.html,Connection error.
https://www.el-balad.com/6788916,Connection error.
https://www.fox6now.com/news/trump-administration-expand-travel-ban-countries,Connection error.
https://www.dawn.com/news/1959809/pak-epa-ramps-up-anti-smog-crackdown-as-pollution-worsens-in-islamabad,Connection error.
http://www.middleeaststar.com/news/278742269/ive-ended-eight-wars-largely-because-of-trade-and-tariffs-says-trump-at-kennedy-center-honors,Connection error.
https://www.deccanchronicle.com/southern-states/telangana/telangana-rising-global-summit-to-kick-off-today-drawing-delegates-from-44-nations-1922413,Connection error.
https://www.express.co.uk/news/world/2143774/greece-chaos-farmers-violently-clash,Connection error.
https://twitchy.com/justmindy/2025/12/07/construction-company-owner-louisiana-suddenly-getting-calls-n2422558,Connection error.
https://www.seattletimes.com/nation-world/nation/top-eu-official-warns-the-us-against-interfering-in-europes-affairs/,Connection error.
https://allafrica.com/stories/202512080365.html,Connection error.
https://www.businessinsider.com/chernobyl-steel-shield-damage-radiation-iaea-drone-strike-ukraine-2025-12,Connection error.
https://www.techdirt.com/2025/12/08/elons-crying-censorship-over-an-eu-fine-that-has-nothing-to-do-with-censorship/,Connection error.
https://fortworthbusiness.com/business/farmers-urged-to-unite-in-hansen-mueller-bankruptcy-as-emergency-motion-filed-to-protect-grain-producers-rights/,Connection error.
http://www.malaysiasun.com/news/278743901/quad-underscores-indo-pacific-disaster-preparedness-at-4th-annual-hadr-strategic-meet,Connection error.
https://northeasttoday.in/northeast/meitei-mla-yumnam-khemchand-visits-kuki-villages-relief-camp-in-confidence-building-outreach/,Connection error.
https://www.foxnews.com/politics/congress-unveils-900b-defense-bill-targeting-china-tech-bans-investment-crackdown,Connection error.
https://www.thisdaylive.com/2025/12/08/resetting-enugu-2026-budget-and-new-economic-imagination/,Connection error.
https://www.theoaklandpress.com/2025/12/08/reports-meteorite-seen-streaking-across-michigan-sky-sunday/,Connection error.
https://ianslive.in/indias-outreach-to-russia-driven-by-china-threat-says-analyst--20251208065404,Connection error.
https://www.independent.co.uk/news/world/americas/polar-vortex-breakdown-weather-america-b2879961.html,Connection error.
